Sentiment,AvgLikes,AvgRetweets
Negative,78.9090909090909,27.727272727272727
Neutral,68.07692307692308,30.5
Positive,74.5609756097561,25.585365853658537
