AgeGroup,AvgLikes,AvgRetweets
Senior,76.25396825396825,25.095238095238095
Adult,71.57894736842105,32.10526315789474
Teen,70.38888888888889,31.444444444444443
